Order Date,Customer Address,Payment Method,S.No,Product,Qty,Unit Price (Rs.),Subtotal (Rs.),Grand Total (Rs.)
2026-04-10 21:01:00,"Test User, MG Road, Bengaluru, PIN: 560001",Cash on Delivery (COD),1,Laptop,1,55000.00,55000.00,55000.00
2026-04-10 21:10:14,"Santosh, btm, Bengaluru, Karnataka, PIN: 500001",Online — UPI (santhosh@ybl),1,HD Monitor,1,14000.00,14000.00,14000.00
2026-04-10 21:28:44,"Prasanna, btm, bengaluru, karnataka, PIN: 500001",Cash on Delivery (COD),1,Laptop,8,55000.00,440000.00,440000.00
2026-04-13 14:19:11,"yogesh, btm, ben, kar, PIN: 577004",Online — UPI (yogesg@ybl),1,Laptop,1,55000.00,55000.00,55000.00
2026-04-14 20:57:52,"Yogesh, btm, Davanagere, Karnataka, PIN: 500001",Cash on Delivery (COD),1,Smartwatch,1,12000.00,12000.00,12000.00
2026-04-15 10:15:40,"santosh, BTM, bangalore, karnataka, PIN: 512456",Online — UPI (santosh@axl),1,Toy Boat,1,2000.00,2000.00,6600.00
,,,2,Water Gun,2,300.00,600.00,
,,,3,Fitness Tracker,1,4000.00,4000.00,
2026-04-15 19:15:14,"sssss, aaaa, aass, kar, PIN: 456425",Online — UPI (santosh@axl),1,Water Gun,2,300.00,600.00,2100.00
,,,2,Toy Airplane,1,1500.00,1500.00,
